1712927302.538264	0	344.669,68.5576,19,0.873464	344.59,76.2889,18,0.950057	329.482,76.2061,19,0.859935	318.275,102.439,22,0.936343	318.271,121.489,22,0.857216	352.225,76.2831,19,0.896698	359.765,102.473,19,0.859069	356.008,121.455,20,0.816417	344.465,121.5,20,0.885171	336.951,121.423,19,0.806719	333.252,147.934,21,0.791483	337.004,170.594,23,0.776891	348.24,121.475,20,0.890424	344.767,148.012,21,0.877011	344.567,170.636,23,0.883735	344.498,64.7676,19,0.845294	348.174,64.8067,19,0.834509	340.819,68.4311,19,0.631605	348.402,68.462,19,0.666714	344.537,185.691,22,0.669405	348.201,178.268,23,0.664844	344.471,174.492,23,0.709759	333.264,178.265,22,0.7029	329.455,178.266,22,0.696722	333.182,174.5,22,0.600589
1712927302.582371	0	344.665,68.5239,19,0.88804	344.585,76.2754,19,0.958555	329.465,76.2005,19,0.870991	318.267,102.446,21,0.95413	318.25,121.422,22,0.870718	352.252,76.2728,19,0.901426	363.42,102.483,19,0.863722	359.644,121.442,20,0.824253	344.462,121.514,19,0.89261	336.935,121.436,19,0.814321	333.21,147.968,22,0.796082	336.957,170.656,22,0.786176	348.249,121.504,19,0.898231	344.781,151.675,22,0.88958	344.575,170.694,23,0.891779	344.497,64.7262,19,0.861546	348.18,64.7618,19,0.853759	340.811,68.3983,19,0.642575	348.41,68.4277,19,0.692283	344.546,185.722,22,0.683088	348.198,181.937,22,0.676463	344.486,174.525,23,0.725009	333.247,181.956,22,0.710654	329.42,181.949,22,0.705307	329.522,178.152,22,0.615372
1712927302.629028	0	344.681,68.5324,19,0.885634	344.574,76.2555,19,0.958016	329.447,76.1836,19,0.871612	318.261,102.426,21,0.952252	318.237,117.79,21,0.875553	352.241,76.2486,19,0.905115	363.416,102.468,19,0.864754	359.677,121.446,20,0.824903	344.448,121.49,20,0.889138	333.292,117.764,20,0.812489	333.193,147.969,21,0.800723	336.959,170.683,22,0.7812	348.237,121.481,20,0.899252	344.756,151.683,21,0.886072	344.558,170.718,22,0.882406	344.513,64.738,19,0.862197	348.197,64.7729,19,0.847302	340.816,68.3971,19,0.655905	348.431,68.4332,19,0.675073	344.522,185.731,22,0.680687	344.74,181.964,22,0.67482	344.465,178.144,22,0.717999	333.226,181.95,22,0.704441	329.42,181.954,22,0.700689	329.525,178.195,22,0.611203
1712927302.677319	0	344.67,68.5977,19,0.878213	344.579,76.3079,19,0.947191	329.476,76.23,19,0.856842	318.275,102.454,22,0.936766	318.285,121.43,22,0.852901	352.207,76.2966,19,0.898298	359.731,102.492,19,0.862105	355.997,121.418,20,0.817074	344.467,121.513,19,0.888502	336.956,121.442,20,0.809563	333.263,147.944,21,0.790715	336.989,170.627,22,0.777773	348.24,121.483,19,0.893549	344.777,148.03,21,0.882037	344.586,170.673,23,0.8857	344.498,64.8127,19,0.850286	348.179,68.4093,19,0.837308	340.817,68.4693,19,0.643172	348.394,68.5088,19,0.660125	344.558,185.72,22,0.673008	348.21,181.934,22,0.66317	344.488,174.524,23,0.71332	333.274,181.921,22,0.704065	329.425,178.296,22,0.696998	333.178,174.525,22,0.606991
1712927302.709618	0	344.681,68.6041,19,0.886785	344.572,76.2938,19,0.947549	329.475,76.2173,19,0.863831	318.276,102.454,21,0.942095	318.26,121.463,22,0.860726	352.205,76.2851,19,0.903602	359.704,102.481,19,0.865341	355.966,117.777,19,0.821191	344.449,121.497,20,0.887317	336.93,121.424,20,0.80922	333.213,147.966,21,0.789819	336.995,170.637,22,0.778836	348.224,121.471,19,0.89698	344.772,148.022,21,0.874488	344.545,170.652,23,0.880154	344.511,64.8171,19,0.859494	348.198,68.4129,19,0.846809	340.822,68.456,19,0.653107	348.415,68.5175,19,0.666987	344.5,185.694,22,0.665285	344.722,181.938,22,0.661943	344.456,174.5,23,0.707444	333.294,181.926,22,0.701936	329.456,181.927,22,0.69694	333.178,174.531,22,0.606878
1712927302.756743	0	344.653,68.5409,19,0.873149	344.585,76.2787,19,0.952413	329.471,76.2022,19,0.859677	318.28,102.443,21,0.934816	318.289,121.48,21,0.852662	352.22,76.2623,19,0.902268	359.778,102.467,19,0.860888	356.01,117.75,20,0.815744	344.472,121.492,19,0.889527	336.963,121.414,19,0.810819	333.23,147.914,22,0.794018	336.954,170.588,22,0.78293	348.246,121.47,19,0.89414	344.777,148.009,22,0.884885	344.569,170.64,23,0.893207	344.479,64.746,19,0.844051	348.164,64.7828,18,0.836794	340.793,68.4128,19,0.629874	348.396,68.4489,19,0.668172	344.535,185.687,22,0.680671	348.2,178.266,22,0.676123	344.476,174.491,22,0.720684	333.217,178.254,22,0.709961	329.395,178.253,22,0.703675	0,0,0,0
1712927302.804146	0	344.659,68.5601,19,0.87169	344.584,76.2863,19,0.955343	329.466,76.2117,19,0.862089	318.266,102.448,22,0.937553	318.268,121.452,22,0.853937	352.218,76.2778,19,0.902882	359.759,102.469,19,0.860177	355.993,117.774,19,0.81528	344.466,121.515,20,0.889428	336.95,121.441,21,0.810389	333.246,147.954,21,0.790269	336.99,170.622,22,0.777563	348.243,121.49,20,0.894841	348.147,148.027,22,0.881922	344.589,170.664,22,0.891595	344.488,64.772,19,0.842548	348.168,64.8125,18,0.833045	340.808,68.4332,19,0.633348	348.393,68.4669,19,0.672452	344.554,185.71,22,0.673773	348.203,181.931,22,0.667784	344.492,174.514,23,0.720367	333.268,178.287,22,0.704142	329.444,178.285,22,0.696646	333.176,174.511,22,0.604066
1712927302.850051	0	344.63,68.5797,19,0.88747	344.562,76.3193,19,0.955846	329.429,76.254,19,0.867331	318.222,102.509,21,0.960956	318.203,121.533,22,0.866059	352.203,76.322,19,0.905198	359.722,102.518,19,0.866605	355.979,121.472,19,0.82655	344.446,125.192,21,0.892329	336.905,121.519,20,0.814441	333.188,148.016,22,0.793887	336.966,170.661,22,0.794784	348.214,125.175,20,0.90117	344.75,151.691,21,0.877	344.553,170.684,23,0.888255	344.46,64.7906,19,0.855229	344.775,64.8239,19,0.849309	340.768,68.4463,19,0.633205	348.377,68.4778,19,0.700203	344.532,185.719,22,0.680148	344.749,181.956,22,0.672678	344.461,174.522,23,0.721894	333.241,181.959,22,0.722522	329.402,181.954,22,0.719299	329.506,178.174,22,0.626632
1712927302.897381	0	344.645,68.5412,19,0.892734	344.569,76.3157,19,0.963462	329.429,76.2536,19,0.878104	318.241,102.534,21,0.97092	318.237,121.551,21,0.870642	352.236,76.3192,19,0.907433	363.435,102.526,19,0.868306	359.681,121.482,20,0.827452	344.466,125.237,20,0.897195	336.962,125.173,20,0.821182	333.242,151.671,21,0.792574	337.012,170.643,22,0.7978	348.244,125.224,20,0.904266	348.152,151.732,21,0.882749	344.566,170.704,22,0.885659	344.478,64.7459,19,0.865208	348.169,64.7621,19,0.856585	340.792,68.4231,19,0.649562	348.397,68.4242,19,0.698446	344.533,185.712,22,0.679464	348.189,181.955,22,0.671512	344.473,174.53,22,0.722867	333.246,178.28,22,0.721926	329.422,178.282,22,0.718045	333.182,178.157,22,0.621986
1712927302.943825	0	344.619,68.4987,19,0.880649	344.564,76.2785,19,0.96513	329.429,76.2124,19,0.873753	318.249,102.491,21,0.966136	318.224,121.517,22,0.870587	352.221,76.2744,19,0.909264	363.424,102.49,20,0.863908	359.687,121.43,20,0.823671	344.467,125.172,20,0.892782	336.929,121.495,20,0.815964	333.199,148.006,21,0.794382	336.986,170.657,22,0.795435	348.246,125.162,20,0.897935	344.768,151.706,22,0.884118	344.573,170.718,23,0.889749	344.453,64.6992,19,0.848216	344.759,64.7186,19,0.848339	340.759,64.8273,19,0.627812	348.373,64.8367,18,0.700793	344.536,185.746,22,0.68875	348.191,181.962,22,0.684238	344.481,178.151,23,0.728448	333.228,181.946,22,0.710906	329.411,181.937,22,0.708756	333.166,178.178,22,0.617925
1712927302.990849	0	344.602,68.5396,19,0.883964	344.542,76.2837,19,0.966347	329.412,76.2264,19,0.878303	318.279,102.496,22,0.965968	318.25,121.541,22,0.869322	352.193,76.2819,19,0.913999	359.771,102.494,19,0.863528	359.703,121.487,20,0.826738	344.472,125.211,21,0.897735	336.953,121.54,21,0.821828	333.266,151.692,22,0.798706	337.035,170.677,22,0.795043	348.244,125.199,20,0.901221	344.756,151.74,22,0.88286	344.56,170.715,22,0.878167	344.438,64.7536,18,0.851227	344.74,64.7668,18,0.847059	340.749,68.4137,19,0.633092	348.345,68.4288,19,0.702106	344.518,185.725,22,0.666316	344.732,181.987,22,0.65929	344.472,178.145,23,0.714676	333.287,181.948,23,0.715483	329.45,181.954,22,0.709338	333.215,178.199,22,0.617635
1712927303.038262	0	344.578,68.5639,19,0.867203	344.532,76.3025,19,0.95271	329.453,76.2334,19,0.864231	318.346,102.48,22,0.914982	318.285,121.536,21,0.833648	352.12,76.3037,19,0.911957	359.677,102.522,20,0.868998	355.979,125.169,20,0.817378	344.475,125.211,20,0.888688	336.99,121.552,20,0.814272	333.301,151.677,22,0.786034	337.057,170.626,23,0.774433	348.228,125.193,20,0.891559	344.712,151.712,22,0.861751	344.516,170.648,22,0.855967	344.417,64.7927,19,0.829871	344.717,64.7955,19,0.828514	340.73,68.4494,19,0.607804	348.315,68.4685,19,0.699587	344.483,182.04,22,0.634374	344.695,181.937,22,0.628487	344.427,174.502,22,0.680684	333.296,178.242,22,0.689639	329.492,178.273,23,0.682836	333.224,174.526,22,0.598325
1712927303.086104	0	344.577,68.5894,19,0.851385	344.566,76.2972,19,0.942748	329.532,76.219,19,0.849881	321.88,102.466,21,0.899187	318.334,121.473,22,0.832708	352.105,76.2862,19,0.899959	356.022,102.503,19,0.855329	355.877,121.465,20,0.811801	344.501,121.503,20,0.881625	337.068,121.437,20,0.808342	336.912,147.91,21,0.77816	337.041,167.029,22,0.760677	348.238,121.475,20,0.882444	344.728,147.984,21,0.864906	344.526,167.036,22,0.861561	344.416,64.8173,19,0.808799	344.715,64.8379,19,0.812371	340.744,68.4672,19,0.579529	348.298,68.5007,19,0.690912	344.462,181.985,22,0.641228	344.714,178.226,23,0.644589	344.44,174.392,23,0.673212	333.257,174.522,23,0.681183	329.48,178.15,23,0.66954	333.214,170.812,23,0.581359
1712927303.133537	0	344.578,68.5621,19,0.889897	344.551,76.2827,19,0.9626	329.448,76.227,19,0.874666	318.326,102.488,21,0.952641	318.233,121.455,21,0.875007	352.194,76.2874,19,0.90855	359.752,102.512,20,0.869684	355.963,121.532,20,0.82847	344.47,125.167,19,0.890991	336.96,121.494,20,0.8187	333.172,148.017,22,0.794141	336.981,170.621,22,0.789643	348.237,121.554,19,0.895827	344.709,151.738,22,0.886349	344.516,170.668,22,0.884845	344.413,64.7773,19,0.856007	344.714,64.7984,19,0.854798	340.719,68.4311,19,0.620148	348.329,68.466,19,0.720493	344.427,185.693,22,0.674791	344.651,181.968,22,0.678987	344.442,174.519,22,0.719777	329.516,178.199,23,0.6941	325.758,178.24,23,0.691347	333.16,174.528,23,0.60935
1712927303.181488	0	344.594,72.12,19,0.875969	344.562,76.33,19,0.945252	329.505,76.26,19,0.858132	318.339,102.489,21,0.942404	318.218,117.687,21,0.872567	352.158,76.3297,19,0.897341	359.659,102.515,19,0.856565	355.927,121.463,20,0.817088	344.484,125.151,21,0.889393	337.009,121.476,20,0.814927	333.235,147.964,21,0.785139	336.974,167.086,23,0.754896	348.222,121.52,20,0.891717	344.707,151.665,21,0.880096	344.553,167.064,23,0.874562	344.427,68.4271,19,0.838601	344.728,68.4675,19,0.837429	340.756,68.5198,19,0.604363	348.308,68.5813,19,0.709013	344.484,181.957,22,0.668382	344.718,178.197,23,0.668749	344.469,174.397,23,0.698431	329.501,174.482,23,0.672554	329.407,178.144,23,0.662076	333.179,174.413,22,0.585423
1712927303.228242	0	344.561,68.5829,19,0.884831	344.527,76.3005,19,0.945343	329.427,76.2367,19,0.86249	318.266,102.452,21,0.95225	318.152,114.017,21,0.879992	352.157,76.2874,19,0.908561	359.642,102.495,19,0.865565	355.897,121.422,20,0.824063	344.434,121.541,19,0.890602	336.914,121.461,20,0.813256	333.168,148.006,21,0.791168	336.914,170.669,22,0.763111	348.202,121.519,20,0.899529	344.694,151.693,22,0.886565	344.53,170.667,23,0.882541	344.393,64.7998,18,0.846037	344.702,64.8335,18,0.8502	340.704,68.4636,19,0.616732	348.305,68.5178,19,0.717083	344.465,185.707,22,0.690087	344.69,181.954,22,0.689863	344.448,174.519,22,0.715297	329.447,178.218,23,0.681031	325.714,178.25,23,0.67667	329.499,178.172,23,0.600836
1712927303.275021	0	344.538,68.5611,19,0.884311	344.515,76.3075,19,0.943592	325.78,76.2414,19,0.856945	318.24,102.461,21,0.948091	318.113,117.76,20,0.875868	352.138,76.3016,19,0.907442	356.009,102.517,19,0.867988	355.89,125.19,20,0.833746	344.432,121.545,20,0.88474	336.908,121.464,20,0.808043	333.184,147.96,21,0.790387	336.941,170.594,22,0.761472	348.199,121.528,20,0.894811	344.702,151.662,22,0.881068	344.551,170.623,23,0.879045	344.368,64.7832,19,0.841585	344.678,64.7956,19,0.852041	340.662,68.4576,19,0.604113	348.27,68.4842,19,0.726019	344.535,182.05,22,0.680934	348.194,178.25,22,0.682899	344.473,174.47,22,0.709039	329.519,178.156,22,0.678187	325.759,178.186,22,0.672469	0,0,0,0
1712927303.322371	0	344.527,68.5472,19,0.903036	344.495,76.2803,19,0.948739	325.745,76.2244,19,0.869341	318.228,102.437,20,0.954132	318.089,117.727,20,0.882204	352.146,76.2846,19,0.914266	356.019,102.506,19,0.873477	355.939,125.187,20,0.834029	344.413,121.525,20,0.886452	333.262,121.424,20,0.815566	329.504,148.008,21,0.79417	333.298,170.704,22,0.778601	348.202,121.513,19,0.89871	344.692,151.663,21,0.87725	344.514,170.721,22,0.881126	344.362,64.7603,18,0.865416	344.665,64.7691,18,0.871217	340.643,68.435,19,0.632365	348.278,68.4582,19,0.735781	344.51,185.734,22,0.678469	344.732,181.985,22,0.685824	344.433,178.151,22,0.713884	333.165,181.962,22,0.690638	325.712,181.929,22,0.695328	329.483,178.221,22,0.623077
1712927303.370215	0	344.488,68.5157,18,0.894677	344.492,76.2747,19,0.951341	325.731,76.2179,19,0.870927	318.188,102.443,21,0.974009	318.055,117.735,21,0.889921	352.146,76.2785,19,0.913285	359.656,102.477,19,0.871805	355.921,121.547,20,0.833377	344.391,121.47,19,0.883219	333.199,117.729,20,0.815658	325.756,147.892,22,0.805682	329.521,170.623,23,0.780634	348.187,121.474,19,0.899632	344.658,147.991,22,0.885081	344.512,170.659,22,0.898333	340.866,64.7214,18,0.846285	344.624,64.736,18,0.870366	337.06,68.4139,19,0.595703	348.275,68.4184,19,0.762601	344.486,185.722,22,0.709756	344.727,181.932,22,0.72541	344.442,174.491,22,0.737728	325.685,178.175,23,0.706129	321.989,178.2,23,0.706558	325.719,174.513,23,0.631399
1712927303.417691	0	340.862,68.6115,19,0.884695	344.365,76.3379,19,0.928445	321.995,76.283,20,0.884212	318.059,102.488,21,0.989233	318.012,117.741,21,0.887316	348.563,76.3065,19,0.932528	355.885,102.505,19,0.903721	352.278,125.176,20,0.863591	340.87,125.229,21,0.88895	329.481,121.538,21,0.831386	329.488,151.763,22,0.808193	336.911,174.387,22,0.786131	344.752,125.228,21,0.920721	344.735,151.757,22,0.869635	344.633,170.783,23,0.889925	340.648,64.8296,19,0.820595	344.478,64.8409,18,0.866826	333.252,68.5167,19,0.556173	344.741,68.5116,19,0.786056	344.664,185.795,22,0.705785	348.316,182.02,22,0.704716	344.545,178.2,23,0.745732	333.212,185.685,22,0.71922	325.714,182.048,22,0.720571	329.528,181.977,22,0.645862
1712927303.465535	0	344.343,72.1311,19,0.87422	344.374,79.8405,19,0.91249	322.043,76.3032,19,0.860574	318.081,102.482,21,0.959395	318.024,117.663,21,0.872356	348.521,76.3649,19,0.922104	352.229,102.519,19,0.905386	352.196,121.499,20,0.842158	340.867,125.224,20,0.877843	329.49,121.539,19,0.818742	329.453,151.693,22,0.800939	333.28,170.783,22,0.75401	344.721,125.214,20,0.905653	344.643,151.731,22,0.857253	344.607,170.689,23,0.880937	340.679,68.4433,19,0.80341	344.478,68.4902,19,0.853469	336.901,68.598,19,0.547718	344.733,68.6102,19,0.778355	344.608,185.738,22,0.704117	348.249,181.936,22,0.695554	344.506,178.139,22,0.723804	329.445,181.95,22,0.69867	325.683,181.972,23,0.692119	329.5,178.291,22,0.613695
1712927303.512917	0	340.843,68.6083,19,0.867736	340.849,76.3031,19,0.909101	321.955,76.2342,20,0.873456	317.979,102.415,21,0.965431	317.968,113.951,21,0.872359	348.492,76.2762,19,0.927902	352.214,102.436,19,0.895278	352.256,117.744,20,0.827296	340.799,125.164,20,0.868174	325.773,121.469,20,0.823694	329.381,151.728,21,0.812819	333.234,174.441,22,0.756879	344.687,121.541,20,0.89638	344.642,151.716,21,0.868465	344.618,170.76,23,0.883115	337.076,64.8182,19,0.794517	344.454,68.4192,19,0.84968	333.204,68.4942,19,0.55727	344.722,68.5463,19,0.75706	344.627,185.784,22,0.695677	348.271,181.976,22,0.686661	344.521,178.216,23,0.731781	329.504,185.694,22,0.70235	325.705,185.711,22,0.696851	329.497,182.014,22,0.622153
1712927303.559792	0	340.827,68.6321,19,0.875811	340.853,76.3217,19,0.899235	321.97,76.24,19,0.870962	317.99,102.41,21,0.953404	317.941,113.981,20,0.86542	348.476,76.3033,19,0.921422	352.129,102.45,19,0.886449	348.606,121.465,19,0.818559	340.784,121.522,20,0.854958	325.766,121.419,20,0.813812	325.683,147.984,21,0.804656	329.475,170.716,22,0.74346	344.675,121.496,19,0.885383	344.61,148.008,21,0.856211	344.582,170.634,22,0.884101	337.059,64.839,19,0.802219	344.441,68.4371,19,0.862325	333.184,68.5113,19,0.543059	344.728,68.5652,19,0.780149	344.613,185.737,22,0.705695	348.265,178.292,22,0.708002	344.488,174.488,22,0.724151	325.69,178.206,23,0.686671	321.992,178.247,23,0.676916	325.755,178.207,23,0.603282
1712927303.606669	0	340.794,72.1118,19,0.892323	340.795,76.3583,19,0.904835	321.84,76.2954,19,0.896528	314.508,102.525,21,1.01884	314.431,125.213,21,0.899404	348.504,76.3171,19,0.932215	352.249,102.508,19,0.901696	352.169,125.199,20,0.840101	340.811,128.881,21,0.880994	325.757,125.246,20,0.837007	325.722,155.451,22,0.809414	333.164,174.395,22,0.741308	344.721,125.316,20,0.913301	344.644,155.516,21,0.868314	344.54,170.794,22,0.85395	336.96,68.4167,19,0.834313	344.428,68.4214,19,0.874101	329.426,68.5522,19,0.620585	344.693,68.5376,19,0.765254	344.567,185.799,22,0.671746	348.185,182.04,22,0.670637	344.438,178.22,22,0.70471	325.731,178.289,23,0.686931	325.608,182.014,22,0.682641	329.389,182.028,22,0.605234
1712927303.653279	0	340.78,68.6255,18,0.889307	340.782,79.8405,19,0.904414	318.334,76.3082,19,0.899165	314.49,102.555,21,1.01557	314.418,125.264,21,0.892977	348.501,76.3287,19,0.933943	352.293,102.532,19,0.903799	352.225,125.296,20,0.867817	340.801,128.922,20,0.886303	325.742,125.29,21,0.844038	325.722,155.456,22,0.810454	333.154,170.789,22,0.761913	344.721,128.91,20,0.919996	344.601,155.531,21,0.853519	344.508,170.712,22,0.859078	336.949,68.3968,19,0.832642	344.418,64.8332,18,0.871915	329.408,68.5497,19,0.62857	344.694,68.5015,19,0.7766	344.55,185.738,22,0.674023	344.729,181.981,22,0.669972	344.395,174.534,22,0.696407	325.706,178.293,23,0.717867	322,181.994,22,0.71534	325.74,181.984,22,0.625799
1712927303.699604	0	340.762,68.6227,19,0.875387	340.768,79.8369,19,0.900049	318.324,76.3027,19,0.896032	314.475,102.57,20,1.00849	314.422,128.929,21,0.894152	348.462,76.3132,19,0.942105	352.239,102.542,19,0.901764	352.149,125.285,20,0.8711	340.781,128.931,20,0.880898	325.719,125.303,19,0.84195	325.74,155.466,22,0.799856	333.198,170.8,22,0.745339	344.698,128.916,20,0.916988	344.578,155.541,20,0.839213	344.495,170.755,22,0.838202	336.928,64.8439,19,0.811977	344.404,64.8358,19,0.860499	329.394,68.541,19,0.609835	344.682,68.5083,19,0.762577	344.514,185.781,22,0.650629	344.698,182.033,22,0.645861	344.388,178.195,22,0.678952	325.725,178.298,23,0.69471	322.017,182.016,22,0.691661	329.4,182.003,22,0.598416
1712927303.746718	0	340.761,72.1235,19,0.864886	340.719,76.3308,19,0.882329	318.324,76.2677,19,0.882707	314.504,102.45,20,0.952545	317.922,121.446,20,0.847335	348.382,76.2668,19,0.938562	352.074,102.445,19,0.904297	348.572,121.492,19,0.856473	340.678,121.537,19,0.842713	325.63,121.45,20,0.825985	325.754,151.679,22,0.789748	333.193,170.759,22,0.741224	344.617,121.508,19,0.88847	344.57,148.026,20,0.825133	344.525,170.648,23,0.846939	336.931,68.4478,19,0.796926	344.391,68.4649,19,0.849537	329.429,68.5771,19,0.597123	344.662,68.5761,19,0.742762	344.546,185.713,22,0.62643	344.744,181.936,22,0.631322	344.432,174.5,22,0.669377	329.482,181.948,22,0.67703	325.646,182.017,22,0.677357	329.419,178.245,23,0.5969
1712927303.794533	0	340.732,72.1401,18,0.8655	340.693,76.3171,19,0.876246	318.332,76.2565,19,0.877904	314.521,102.413,20,0.948656	317.942,117.74,21,0.842871	348.341,76.2616,19,0.935765	348.587,102.402,19,0.898314	348.571,117.76,20,0.842356	340.666,121.483,19,0.839023	322.07,117.781,20,0.8278	325.709,151.71,22,0.8001	333.152,174.394,22,0.733902	344.613,121.447,19,0.881835	344.543,148.033,20,0.82271	344.497,170.705,22,0.826161	333.299,68.4729,18,0.798506	344.358,68.5002,19,0.849402	329.376,68.6054,19,0.59305	344.628,68.6206,19,0.733857	344.493,185.771,22,0.605855	344.713,182.017,22,0.606481	344.399,178.151,22,0.652689	329.44,182.04,22,0.675107	325.615,185.713,22,0.676654	325.768,181.987,23,0.601395
1712927303.841913	0	340.718,72.1601,18,0.856805	340.691,76.3467,19,0.864815	318.354,76.2926,19,0.866524	317.936,102.416,20,0.930763	317.934,117.711,20,0.826877	348.318,76.2892,19,0.925705	348.577,102.417,19,0.893321	348.542,117.768,19,0.838082	340.684,121.487,19,0.83458	325.623,121.415,20,0.822434	325.671,151.681,22,0.80114	329.425,174.409,22,0.741891	344.62,121.451,19,0.873131	344.523,148.004,20,0.818987	344.468,170.683,22,0.828968	333.282,68.5055,18,0.792818	344.34,68.5301,19,0.835773	325.734,68.6338,19,0.600131	344.621,72.0981,19,0.716443	344.461,185.784,22,0.619446	344.683,182.019,22,0.620138	344.365,178.156,22,0.653521	325.748,182.044,22,0.693272	321.985,185.725,22,0.694625	325.684,182.015,22,0.615351
1712927303.886902	0	340.672,72.2102,18,0.843494	340.636,79.8487,19,0.844873	318.341,76.3653,19,0.857057	317.94,102.443,20,0.910859	314.508,121.486,20,0.811931	348.242,76.3206,19,0.912989	348.508,102.43,19,0.902601	348.539,117.779,19,0.820846	340.702,121.496,19,0.826808	325.645,121.438,20,0.812648	325.75,151.67,21,0.783886	333.157,170.791,22,0.709674	344.623,121.436,19,0.863478	344.52,148.017,20,0.817793	344.432,170.654,22,0.800454	333.223,68.5836,18,0.784911	340.833,68.5907,18,0.81989	325.666,72.1559,19,0.607331	344.564,72.1292,18,0.691356	344.437,185.765,22,0.600739	344.647,182.013,22,0.598584	340.848,178.14,22,0.618466	329.456,182.006,22,0.655615	325.664,185.681,22,0.651666	325.772,181.942,22,0.571666
1712927303.934349	0	340.679,72.2365,18,0.85723	340.662,79.887,19,0.850978	318.331,79.8609,19,0.861841	317.936,102.508,20,0.928519	314.496,128.909,21,0.824916	348.298,76.3415,19,0.913354	348.599,102.465,19,0.900018	352.096,121.475,20,0.820985	340.788,125.216,20,0.834266	325.73,121.55,20,0.802904	325.77,151.807,22,0.778245	329.48,174.392,22,0.679636	344.684,125.155,19,0.859327	344.525,151.76,20,0.816581	344.429,170.762,22,0.76464	333.229,68.6153,18,0.795393	340.846,68.6238,18,0.836249	325.673,72.186,19,0.625132	344.586,72.1561,19,0.707593	344.423,185.829,22,0.577134	344.616,185.728,22,0.574036	340.841,178.228,22,0.603318	325.703,181.974,22,0.63607	321.951,182.07,22,0.635425	325.708,185.677,22,0.548486
1712927303.98222	0	340.678,72.2223,18,0.858695	337.079,79.8777,19,0.853125	318.307,79.8591,19,0.867089	317.931,102.485,20,0.927136	314.466,125.249,20,0.814941	348.27,76.3401,19,0.916984	348.566,102.472,19,0.907479	352.111,121.475,19,0.824338	340.74,125.183,19,0.837034	325.682,121.515,20,0.817471	325.682,151.738,21,0.797052	325.766,174.365,24,0.719679	344.645,121.528,19,0.86453	344.476,151.725,20,0.819088	344.379,170.695,22,0.783639	333.218,68.596,18,0.799327	340.844,68.603,18,0.837252	325.655,72.1784,19,0.643879	344.565,72.1377,18,0.699135	340.856,185.791,21,0.600351	344.578,182.057,22,0.599785	340.8,178.156,22,0.618401	325.605,182.038,22,0.681701	321.879,185.709,22,0.686888	325.633,182.006,22,0.59286
1712927304.029665	0	340.677,72.2123,19,0.865878	340.666,79.8946,18,0.864924	318.317,79.8772,19,0.874045	317.945,102.508,20,0.926307	314.481,125.294,20,0.818307	348.34,76.3351,19,0.926825	352.125,102.499,19,0.904433	352.21,121.553,19,0.845989	340.773,125.274,19,0.8544	325.742,125.208,19,0.821945	325.766,155.477,22,0.801291	329.474,178.206,22,0.759404	344.677,125.227,19,0.884931	344.481,155.452,20,0.83748	344.367,174.502,22,0.808983	333.217,68.5713,18,0.807155	340.849,68.5765,18,0.850209	325.687,72.1575,19,0.630348	344.584,72.118,19,0.722358	340.822,189.554,21,0.630281	344.534,189.483,21,0.630442	340.785,182.021,21,0.66359	329.403,189.427,22,0.721151	321.974,189.45,22,0.731876	325.704,189.406,22,0.647725
1712927304.077538	0	337.05,72.2719,18,0.862246	340.642,79.9458,18,0.862442	318.28,79.9403,19,0.881023	314.5,102.551,20,0.926225	314.453,125.268,20,0.828174	348.296,79.8402,18,0.927892	352.07,102.534,19,0.915438	352.164,125.206,20,0.855424	340.717,128.887,19,0.855619	325.691,125.279,19,0.834124	325.726,155.479,22,0.800535	329.513,174.513,22,0.749745	344.613,125.3,19,0.892606	344.477,155.472,20,0.827121	344.419,174.418,22,0.804165	329.515,72.0984,18,0.804806	340.779,72.1123,18,0.85173	325.648,72.2343,19,0.590707	344.536,72.1694,18,0.765175	344.378,189.465,21,0.619214	344.59,185.834,21,0.62036	340.851,181.919,21,0.652777	329.384,185.787,22,0.717569	321.989,185.832,22,0.725159	325.728,185.762,22,0.630786
1712927304.125927	0	337.025,72.2485,18,0.876846	340.64,79.9643,18,0.86971	318.236,79.9362,19,0.892341	314.436,102.608,19,0.973094	314.345,128.92,20,0.858493	348.338,79.8705,18,0.935615	352.131,102.574,19,0.926266	352.215,125.266,20,0.875323	340.668,128.955,19,0.868872	325.618,128.896,20,0.85314	322.031,155.541,22,0.827595	325.699,178.275,22,0.773754	344.604,128.928,19,0.911191	344.455,155.562,20,0.837515	344.362,178.229,21,0.807324	329.462,68.6141,19,0.825791	340.764,68.5963,18,0.868304	322.046,72.2208,19,0.603041	344.553,72.1352,18,0.792912	340.838,189.617,21,0.651242	344.556,189.542,21,0.667598	340.784,185.685,21,0.671568	325.642,189.451,22,0.747928	321.851,189.485,22,0.765042	322.027,189.461,22,0.675626
1712927304.173006	0	340.692,72.3779,18,0.884886	340.682,83.6372,18,0.849315	318.321,80.0698,19,0.858836	314.498,102.717,20,0.955742	314.449,128.99,20,0.838769	348.334,80.009,18,0.909783	348.6,102.675,19,0.922859	352.132,128.913,19,0.867314	340.689,128.997,20,0.868004	325.649,128.935,19,0.847856	322.054,155.514,21,0.811273	325.716,178.207,22,0.742488	344.602,128.958,19,0.902854	344.458,155.527,20,0.825964	344.372,178.143,22,0.797091	333.25,72.1944,18,0.835394	340.857,72.2059,18,0.86697	325.677,72.3315,19,0.633256	344.606,72.2906,18,0.768538	344.378,189.55,21,0.646803	344.581,189.477,21,0.651184	340.81,182.047,21,0.660909	325.632,185.819,22,0.721659	321.891,189.418,22,0.731513	322.024,189.415,22,0.64534
1712927304.204924	0	340.795,72.3664,18,0.911771	340.736,83.6857,18,0.855665	321.832,83.6589,19,0.85722	317.916,102.752,19,0.957662	314.47,129.1,20,0.867817	348.415,80.0621,18,0.903472	352.115,102.739,19,0.916775	352.12,129.068,19,0.902342	340.678,129.031,19,0.863036	325.641,128.965,19,0.84555	322.027,155.557,22,0.819312	325.753,181.924,22,0.758699	344.61,129.015,19,0.906438	344.453,155.568,20,0.830498	344.339,178.218,21,0.810252	336.967,72.1779,18,0.870746	344.43,72.1725,18,0.891622	325.746,72.3225,19,0.689	344.686,72.2705,18,0.755653	340.856,189.625,20,0.660975	344.565,189.559,21,0.677257	340.77,185.732,20,0.681706	325.715,189.453,21,0.722035	321.917,189.489,21,0.742493	325.615,189.48,21,0.662782
1712927304.237942	0	340.836,72.4105,18,0.883484	340.792,83.7088,18,0.846263	321.9,83.6696,18,0.837679	317.95,102.75,19,0.937873	314.48,129.07,20,0.853999	348.392,83.6312,18,0.88987	352.068,106.193,19,0.908021	348.566,129.099,19,0.900809	340.676,129.022,19,0.848708	325.638,128.95,19,0.834336	322.014,155.516,22,0.801576	325.712,178.202,22,0.706546	344.593,129.01,19,0.888508	344.408,155.562,20,0.80527	344.343,178.152,22,0.767473	337.051,72.2195,18,0.834305	344.446,72.2353,18,0.86753	329.474,72.3504,19,0.617987	344.724,72.3241,18,0.754205	340.823,189.573,20,0.633452	344.53,189.512,20,0.642231	340.796,185.676,20,0.640902	322.017,185.765,22,0.677423	321.841,185.829,22,0.688651	322.047,189.403,21,0.596407
1712927304.284042	0	340.839,72.401,18,0.903017	340.782,83.7215,18,0.853351	321.889,83.682,18,0.847253	317.921,106.238,19,0.967091	314.487,132.718,20,0.86598	348.425,83.6328,18,0.895409	352.106,106.197,19,0.902096	348.603,129.081,19,0.90089	340.696,129.018,19,0.855829	325.667,128.944,19,0.831476	322.008,155.501,22,0.801746	325.691,178.156,22,0.718659	344.62,129.002,19,0.899064	344.454,155.554,19,0.820233	344.326,178.148,22,0.781103	337.033,72.2062,18,0.860555	344.463,72.212,18,0.882609	329.429,72.332,19,0.668788	344.73,72.3032,18,0.742163	340.852,189.586,20,0.641592	344.548,189.506,21,0.656943	340.769,182.059,21,0.656769	322.027,185.753,22,0.68303	321.842,185.807,22,0.696923	322.014,185.811,22,0.612197
1712927304.331086	0	340.868,72.4171,17,0.905543	340.848,83.7157,18,0.868807	321.959,83.6665,18,0.848351	314.514,106.218,19,0.9819	314.41,129.114,20,0.877928	348.511,83.6524,18,0.893452	352.2,106.236,19,0.896528	352.172,129.114,19,0.891869	340.764,129.103,19,0.886792	325.726,129.012,19,0.850085	325.614,159.187,22,0.824195	329.387,182.052,22,0.755834	344.687,129.092,19,0.925435	344.523,159.25,20,0.857542	344.372,182.043,21,0.821943	337.062,72.2203,17,0.862465	344.487,72.2278,17,0.884271	329.493,72.3496,19,0.636121	348.181,72.309,18,0.751344	344.416,193.234,20,0.693632	344.618,193.176,20,0.709402	340.805,189.425,20,0.705189	325.71,189.517,22,0.70957	321.946,189.53,22,0.723794	325.655,189.569,22,0.659291
1712927304.423875	0	344.422,72.4843,17,0.910417	344.348,83.7922,18,0.861535	321.994,83.7251,18,0.832292	314.46,106.271,19,0.964695	314.376,132.639,20,0.853924	348.53,83.7468,18,0.882155	352.218,106.282,18,0.879345	352.192,129.028,19,0.84941	340.765,132.662,18,0.894188	325.694,129.117,19,0.859265	325.69,159.299,22,0.823213	329.459,185.818,22,0.72546	344.681,132.646,18,0.926341	344.483,162.883,19,0.857715	344.344,189.457,21,0.817194	340.723,72.2778,17,0.874889	344.585,72.2829,17,0.887453	333.205,72.4027,18,0.652605	348.238,72.3502,17,0.705538	344.399,193.383,20,0.681125	344.598,193.345,20,0.695736	340.796,193.138,20,0.702794	325.726,189.614,22,0.655251	321.989,189.611,22,0.664662	325.704,193.196,21,0.622649
1712927304.470944	0	344.488,72.466,17,0.931258	344.398,83.7659,17,0.883448	322.001,83.656,18,0.843306	314.492,106.284,19,0.972772	314.426,132.741,19,0.887449	352.065,83.7486,17,0.87563	355.877,106.338,18,0.870209	352.177,132.622,19,0.884298	340.778,132.708,18,0.89996	325.714,132.623,19,0.863136	325.694,162.877,22,0.823665	329.44,189.41,22,0.709859	344.701,132.715,18,0.938221	344.498,162.971,20,0.853614	344.335,189.505,21,0.798576	340.797,72.2536,17,0.892166	344.654,72.2519,17,0.899467	333.254,72.3774,18,0.66119	348.315,72.321,17,0.727357	344.422,193.358,20,0.635732	344.601,193.344,20,0.658103	340.791,193.167,20,0.690543	325.682,189.569,22,0.632686	321.946,189.578,22,0.644671	325.683,193.209,21,0.611505
1712927304.518114	0	344.511,72.4009,17,0.958479	344.399,87.4093,17,0.892895	321.973,83.6766,18,0.85937	314.448,106.385,19,0.985805	314.315,132.792,20,0.879895	352.083,87.4263,17,0.87821	355.912,106.409,18,0.869114	352.307,132.706,18,0.910373	340.698,132.802,18,0.906198	325.615,132.705,18,0.885822	322.042,162.982,22,0.860272	329.397,189.592,22,0.788417	344.655,132.839,18,0.962523	344.487,163.028,19,0.86313	344.33,189.601,20,0.838387	340.827,72.1755,17,0.913496	344.695,72.1804,17,0.919847	333.282,72.2996,18,0.682754	348.369,72.2905,17,0.758244	344.421,193.454,20,0.646651	344.62,193.408,20,0.674916	340.769,193.223,20,0.719514	329.417,193.378,22,0.698985	321.974,193.359,22,0.720149	325.658,193.346,22,0.688458
1712927304.564863	0	344.505,72.4042,17,0.962954	344.433,83.7766,17,0.904729	321.981,83.6541,18,0.864201	314.422,106.35,19,1.00296	314.311,132.716,19,0.879113	352.175,87.3998,17,0.871123	356.03,106.415,18,0.857449	355.923,132.673,18,0.908889	340.738,132.785,18,0.921252	325.638,132.69,18,0.895071	322.027,163.021,22,0.87716	329.439,189.625,22,0.817508	344.712,132.823,18,0.975312	344.524,163.042,19,0.879966	344.35,189.629,21,0.859271	340.806,72.1837,17,0.91549	344.688,72.1791,17,0.924056	333.269,72.3144,18,0.671161	348.399,72.2684,17,0.770048	344.394,193.464,20,0.650974	344.631,193.423,20,0.684145	340.791,193.253,20,0.745097	329.484,193.451,22,0.723662	322,193.427,22,0.747577	325.698,193.388,22,0.721022
1712927304.612463	0	344.559,72.4993,17,0.963722	344.463,87.4131,17,0.91073	322,83.6714,18,0.864093	314.458,106.354,19,1.02526	314.327,132.726,19,0.89664	352.233,87.4288,17,0.867001	359.678,106.515,18,0.853576	355.898,132.806,18,0.894727	340.762,132.784,18,0.926991	325.682,132.679,18,0.896285	322.004,163.026,21,0.883716	325.677,189.618,21,0.819505	344.718,132.835,18,0.979369	344.542,163.077,20,0.876873	340.863,193.164,20,0.861015	340.877,72.2773,17,0.923159	344.737,72.274,17,0.92432	336.914,72.388,18,0.697098	348.422,72.3326,16,0.750253	340.863,197.016,20,0.661192	344.635,193.481,20,0.69492	340.74,193.273,20,0.742088	325.671,193.324,21,0.723441	321.869,193.324,21,0.742598	322.029,193.37,21,0.733289
1712927304.65993	0	344.575,72.5001,16,0.960391	344.475,87.4359,17,0.909215	322.03,83.6734,18,0.858751	314.482,106.392,19,1.00443	314.366,132.764,19,0.900572	352.236,87.4756,17,0.861023	359.663,110.097,18,0.843507	352.281,132.93,18,0.892413	340.763,132.831,18,0.928597	325.681,132.723,18,0.897096	322.043,163.079,20,0.877199	325.683,193.102,21,0.80763	344.715,132.882,18,0.976728	344.541,163.128,19,0.860495	344.338,193.129,20,0.832357	344.357,72.2699,16,0.92098	344.76,72.2744,16,0.921367	336.936,72.3763,18,0.681323	348.442,72.3403,16,0.761284	344.408,193.469,20,0.628171	344.646,193.438,20,0.647965	340.79,193.252,20,0.720523	325.642,193.317,21,0.724229	321.861,193.325,21,0.735434	322.038,193.374,21,0.708364
1712927304.707237	0	344.56,72.5038,16,0.96337	344.469,87.4598,16,0.915494	321.994,83.7216,18,0.866839	314.483,106.464,19,1.00962	314.366,132.77,19,0.910064	352.272,87.4703,17,0.866203	359.713,110.178,18,0.848192	355.868,132.986,18,0.903124	340.744,132.859,17,0.940515	325.662,132.749,18,0.91777	321.963,163.116,20,0.902318	325.636,193.21,20,0.878146	344.711,132.924,18,0.999854	344.548,163.183,19,0.871152	340.88,193.248,20,0.867437	340.871,72.2739,17,0.922672	344.742,72.2666,16,0.923178	333.276,72.3958,18,0.695805	348.446,72.3144,16,0.764452	340.856,197.136,20,0.661034	344.642,197.035,20,0.694798	340.76,193.345,20,0.741862	322.037,196.982,21,0.778148	318.279,196.977,21,0.805013	322.001,193.476,21,0.789629
1712927304.753923	0	344.577,72.507,16,0.961351	344.464,87.4502,16,0.90896	321.985,83.7225,18,0.861922	314.448,106.459,19,0.996202	314.335,132.806,19,0.903757	352.256,87.4728,16,0.862846	359.703,110.141,17,0.846331	355.892,132.957,18,0.90526	340.729,132.904,17,0.937826	325.624,132.795,18,0.91919	321.999,163.228,20,0.897825	325.709,193.326,20,0.858497	344.704,132.966,17,0.996523	344.529,166.726,19,0.875575	340.874,193.38,20,0.866264	344.348,72.2797,16,0.924765	348.177,72.2662,16,0.921886	336.912,72.3997,18,0.700359	348.451,72.3158,16,0.744829	344.387,197.263,20,0.626608	344.638,197.157,20,0.663405	340.753,193.484,20,0.726695	325.681,197.125,20,0.723487	321.873,197.112,20,0.748447	325.615,196.995,20,0.753687
1712927304.801249	0	344.554,72.5011,16,0.967886	344.473,87.5333,16,0.907908	321.985,87.4047,17,0.857148	314.485,106.592,19,0.992817	314.322,136.463,19,0.912096	352.276,87.5371,17,0.854992	359.718,110.292,17,0.836554	355.86,136.549,18,0.879777	340.745,132.954,17,0.938251	325.648,132.845,18,0.917588	321.987,166.693,21,0.891502	325.65,193.384,20,0.853157	344.73,133.018,17,0.998373	344.504,166.807,19,0.866819	340.808,193.452,20,0.859415	340.859,72.2728,17,0.930798	344.748,72.2568,16,0.930985	333.28,72.4034,18,0.704996	348.46,72.3166,16,0.767277	340.791,200.869,20,0.636222	344.583,197.24,20,0.677906	340.677,197.018,20,0.701998	322.013,197.171,20,0.716155	318.304,197.17,20,0.734056	322.006,197.029,20,0.743568
1712927304.846791	0	344.519,75.9807,16,0.978499	344.487,91.3183,16,0.913368	321.97,91.1778,17,0.847337	314.476,110.179,19,0.977149	314.312,136.594,19,0.926002	355.882,94.9438,16,0.843504	359.692,117.669,17,0.822909	352.2,136.741,17,0.89223	340.711,136.504,17,0.931995	322.037,132.993,18,0.923704	321.981,166.941,21,0.892638	325.721,197.056,19,0.819036	344.728,136.565,17,1.00457	344.45,170.574,19,0.845509	340.78,197.113,20,0.818943	340.803,72.3436,16,0.940913	344.73,72.3306,16,0.957541	333.228,72.4798,0,0.687009	348.467,72.3827,16,0.813845	337.075,204.672,19,0.556695	344.484,200.943,20,0.60824	340.661,197.301,20,0.641542	322.049,200.932,19,0.678255	321.874,200.966,19,0.691186	325.63,197.291,19,0.691743
1712927304.893877	0	344.503,75.9743,16,0.979695	344.494,95.0275,16,0.931137	321.953,91.307,17,0.855901	314.464,110.306,19,0.97337	314.356,136.727,19,0.92015	355.892,95.0173,16,0.84857	363.402,117.684,17,0.821498	355.89,136.684,17,0.905059	340.722,136.629,17,0.927404	322.059,136.528,18,0.916051	321.983,167.052,20,0.877279	322.009,197.094,19,0.819946	344.75,136.68,17,1.00031	344.462,170.71,19,0.849661	340.763,197.137,20,0.800563	340.788,72.337,16,0.939061	344.717,72.3289,16,0.963896	333.231,72.4884,19,0.669298	348.448,72.384,16,0.847295	340.675,204.668,19,0.554718	344.482,200.939,20,0.604038	337.074,197.291,20,0.614685	321.963,200.942,19,0.703818	318.299,200.989,19,0.700357	321.938,197.33,19,0.696345
1712927304.940266	0	344.451,76.1284,15,0.966271	344.458,98.8145,16,0.952976	321.932,98.721,16,0.866154	314.447,113.998,19,0.958292	314.351,140.424,18,0.928419	352.236,98.8136,16,0.87373	359.68,121.455,17,0.825247	352.292,136.792,17,0.896932	340.701,136.805,17,0.895944	322.063,136.71,17,0.896483	321.992,170.683,21,0.848633	321.948,197.327,19,0.769202	344.726,136.841,17,0.955678	344.417,174.368,19,0.849072	340.739,197.259,20,0.761598	340.719,72.4795,16,0.928513	344.675,72.4942,15,0.967149	329.53,76.0713,19,0.673808	348.421,75.9961,15,0.84032	340.694,208.448,19,0.521535	344.512,201.058,20,0.575259	337.058,200.886,19,0.58199	321.964,204.768,19,0.6514	318.309,208.482,19,0.654955	321.875,204.618,19,0.62774
1712927304.986442	0	344.46,76.2461,15,0.965476	344.437,102.415,16,0.976116	321.878,98.8687,16,0.885946	314.445,117.764,19,0.969711	314.342,144.121,18,0.936351	352.222,102.427,16,0.899446	359.663,125.231,17,0.850039	352.221,140.474,17,0.89524	340.647,140.33,17,0.894372	322.023,136.758,18,0.913132	321.931,170.727,20,0.862678	321.854,200.842,19,0.799244	344.688,140.359,17,0.960137	344.43,170.796,19,0.856015	337.053,197.303,19,0.782529	340.742,76.021,16,0.935827	344.673,76.0377,15,0.975985	329.492,76.1764,19,0.736931	348.41,76.1382,15,0.809064	337.051,208.507,19,0.562558	344.409,204.68,19,0.60882	333.273,200.965,19,0.604444	321.939,208.465,18,0.692918	318.236,212.182,19,0.70488	318.264,204.657,19,0.676639
1712927305.033807	0	344.432,76.1845,15,0.971568	344.406,102.41,16,0.965791	321.832,98.8801,16,0.885581	314.423,121.438,18,0.950244	314.386,144.167,18,0.897051	352.221,102.405,16,0.894921	359.651,125.252,17,0.846935	352.187,140.502,17,0.89383	337.078,140.332,17,0.88785	321.986,136.769,17,0.913742	321.921,170.703,20,0.859636	321.949,197.277,18,0.796253	344.688,140.368,17,0.959141	344.413,174.42,19,0.836528	336.988,197.31,19,0.771554	340.696,75.9542,15,0.934673	344.649,75.9584,15,0.980544	329.412,76.1154,19,0.773722	348.367,76.0716,15,0.79987	333.238,212.206,19,0.56348	340.84,204.736,19,0.597666	333.202,200.976,19,0.593374	321.9,208.455,18,0.688218	318.205,212.164,18,0.701367	321.82,201.016,18,0.678315
1712927305.081664	0	340.79,76.3378,15,0.913892	344.359,102.507,16,0.973146	318.314,102.458,16,0.90369	314.376,121.468,17,0.942001	314.296,140.37,17,0.913417	352.075,102.513,15,0.924534	359.641,125.322,17,0.857533	355.906,140.4,17,0.878366	337.074,140.545,16,0.86629	322.007,140.426,16,0.890055	321.847,174.517,19,0.854145	321.856,204.658,19,0.797204	344.668,140.563,16,0.926951	344.342,178.164,19,0.833345	340.662,200.904,19,0.772284	336.959,76.1098,15,0.893306	344.482,76.1152,15,0.945397	325.667,76.2476,20,0.691756	348.242,76.2382,15,0.827714	337.068,212.287,19,0.57175	344.434,208.449,19,0.606707	337.002,201.056,19,0.600527	321.958,216.034,18,0.69773	318.194,216.082,18,0.718951	318.313,208.505,19,0.682339
1712927305.128055	0	340.707,79.8993,15,0.898506	340.808,102.573,15,0.971312	318.236,102.53,16,0.928199	314.341,125.178,17,0.926457	314.236,144.145,17,0.89221	348.536,102.58,15,0.937102	355.957,129.047,16,0.893424	352.28,147.985,17,0.865645	340.639,144.201,16,0.861684	322.006,140.54,16,0.872981	321.835,181.904,19,0.849628	321.924,208.484,18,0.789266	344.684,144.249,16,0.919385	340.815,181.924,19,0.82654	340.631,201.025,19,0.745891	333.258,76.1955,0,0.888432	344.405,76.1835,15,0.933651	322.032,76.2949,21,0.71699	344.742,76.3287,15,0.799114	337.001,216.005,19,0.558399	344.367,212.242,19,0.582246	336.929,204.766,19,0.57782	321.964,219.808,18,0.706404	318.209,219.837,18,0.731821	321.889,215.977,18,0.674553
1712927305.175958	0	336.951,76.3369,14,0.893661	340.676,102.54,15,0.94574	318.103,102.491,15,0.93853	314.235,125.251,17,0.927417	314.184,140.527,17,0.911328	348.416,102.524,15,0.949172	352.259,128.928,16,0.890754	352.16,147.93,16,0.883816	336.97,144.265,16,0.845828	321.901,144.194,16,0.878017	321.848,185.695,18,0.863587	321.86,215.971,18,0.797719	344.588,147.899,16,0.901095	340.774,185.705,19,0.828366	333.263,212.192,19,0.722928	325.774,76.1021,20,0.891041	340.749,76.0705,14,0.93791	321.865,76.2188,21,0.701161	344.608,76.2265,15,0.838358	333.257,219.801,18,0.551023	340.729,216.071,19,0.561362	329.41,215.968,18,0.571519	321.999,223.493,18,0.702424	318.212,223.524,18,0.737467	321.828,219.787,18,0.681618
1712927305.223374	0	333.284,76.2996,15,0.891174	337.057,102.534,15,0.934196	318.045,102.494,15,0.942662	314.164,125.282,16,0.914558	310.619,144.197,17,0.884713	348.405,102.5,15,0.950893	352.253,128.96,16,0.898682	352.17,147.959,16,0.88155	333.295,144.195,16,0.85062	321.819,144.127,16,0.896964	321.815,182.01,17,0.865928	321.925,208.419,18,0.765041	344.573,144.201,16,0.913999	340.802,185.709,18,0.843468	336.946,208.487,19,0.734031	325.707,76.0659,19,0.896157	340.688,76.0282,14,0.927633	318.347,76.1525,22,0.733888	344.547,76.1756,15,0.814125	329.48,219.811,18,0.582338	337.091,216.099,18,0.583176	329.508,215.964,18,0.581466	321.817,219.759,18,0.694371	318.139,219.783,18,0.716976	321.907,215.934,18,0.6291
1712927305.271217	0	333.299,76.3191,14,0.893627	336.984,102.544,15,0.935796	317.963,102.505,15,0.957102	314.152,125.274,16,0.911852	310.565,144.199,17,0.879708	348.373,102.514,15,0.963717	352.217,129.008,16,0.918396	352.267,147.907,16,0.88124	336.932,144.226,16,0.843786	321.83,144.178,16,0.889549	318.3,185.686,19,0.866399	321.886,212.233,18,0.801573	344.597,144.223,16,0.905951	340.862,185.791,18,0.853141	340.707,212.285,19,0.756945	325.711,76.0863,19,0.903914	340.698,76.0486,14,0.933066	318.307,76.1587,20,0.799024	344.535,76.2069,14,0.785204	333.223,223.551,18,0.580493	340.711,223.429,18,0.600006	337.042,219.699,19,0.612755	318.293,223.431,18,0.75643	318.047,223.454,18,0.78731	321.871,219.678,18,0.681286
1712927305.318662	0	333.192,76.2703,14,0.903684	333.192,102.544,15,0.928621	314.473,102.486,15,0.957749	310.552,125.297,16,0.894209	310.483,144.181,16,0.864587	348.272,102.513,15,0.974461	352.111,128.975,16,0.922372	352.261,148.01,16,0.878252	333.206,144.213,15,0.836853	318.268,144.172,16,0.893754	318.157,182.024,0,0.87818	318.314,215.97,18,0.841706	344.523,144.208,15,0.896982	340.879,185.713,17,0.857478	340.864,212.291,19,0.796863	322.046,76.041,20,0.931614	337.055,76.0048,14,0.935767	318.187,76.1305,21,0.854946	344.446,76.1834,15,0.743621	340.708,223.51,18,0.60945	344.47,219.845,18,0.647868	340.736,219.653,18,0.643764	318.291,223.578,18,0.841852	317.998,223.579,18,0.858383	321.818,219.761,18,0.730815
1712927305.366534	0	329.462,76.2818,15,0.903309	329.535,102.565,14,0.933281	314.441,102.513,15,0.961764	310.528,128.952,16,0.89909	310.407,147.991,16,0.844106	348.274,102.528,14,0.984096	352.133,129.041,15,0.921969	355.919,151.67,16,0.866902	333.185,147.973,15,0.827908	318.233,147.923,16,0.89254	318.135,185.751,18,0.886217	321.87,216.017,18,0.842583	344.506,147.982,15,0.882869	340.874,185.798,16,0.856654	344.353,215.949,18,0.797266	321.953,76.0661,20,0.943138	336.976,76.0216,14,0.932395	318.126,76.1482,22,0.847219	344.413,76.1924,15,0.783268	340.679,223.546,18,0.604874	344.453,223.425,18,0.644769	340.781,219.703,18,0.646568	318.294,223.582,18,0.852686	318.011,223.587,18,0.872455	321.922,219.814,18,0.734572
1712927305.414014	0	329.452,76.2822,15,0.906466	329.499,102.601,14,0.936986	314.398,102.528,15,0.966326	310.483,128.985,15,0.891121	306.786,151.799,16,0.842442	348.278,102.579,14,0.989257	352.133,132.62,15,0.931552	355.891,151.808,16,0.882924	333.159,151.807,15,0.822706	318.202,151.764,16,0.890092	318.17,189.482,17,0.899867	321.983,219.767,18,0.855804	344.464,155.444,15,0.878677	340.76,189.474,16,0.850698	340.7,219.721,18,0.775582	321.938,76.0687,19,0.950025	336.986,76.019,14,0.93911	318.121,76.1488,20,0.851688	344.448,76.1822,15,0.811724	336.985,223.704,18,0.588808	340.861,223.57,18,0.609969	337.007,223.395,18,0.623906	321.988,227.236,17,0.806805	318.146,227.223,17,0.858488	321.996,223.537,18,0.750484
1712927305.461856	0	329.416,76.2963,15,0.905319	329.465,102.613,14,0.934967	314.368,102.554,14,0.962426	310.459,129.031,15,0.879934	306.69,155.578,16,0.828549	348.271,102.573,14,0.993035	352.135,132.62,15,0.926182	355.87,151.712,15,0.872965	329.477,155.453,15,0.827687	318.129,155.417,15,0.900516	318.062,189.484,18,0.900772	321.833,219.854,18,0.88839	344.446,155.471,15,0.88333	340.761,189.485,16,0.855199	340.712,219.835,17,0.811388	321.896,76.0863,19,0.953566	336.963,76.0243,14,0.940112	318.085,76.1794,20,0.857039	344.442,76.182,14,0.809842	336.973,227.285,17,0.604286	340.879,223.671,17,0.634545	337.053,223.48,17,0.66253	321.845,227.328,17,0.844874	318.017,227.307,17,0.891306	321.873,223.584,18,0.765055
1712927305.509413	0	333.173,79.8233,13,0.88818	329.473,102.641,14,0.94057	314.351,102.562,14,0.973512	306.762,129.105,15,0.884831	299.19,159.19,18,0.850172	348.303,102.62,14,0.994865	352.187,132.702,15,0.926767	355.885,155.522,15,0.902337	329.518,155.572,15,0.830723	318.126,155.532,15,0.904162	318.151,189.621,17,0.910828	321.989,223.511,18,0.910178	344.466,159.16,15,0.896199	340.788,189.567,15,0.862893	340.714,223.472,17,0.817668	322.008,76.1322,0,0.929262	337.068,76.0823,13,0.935581	318.137,76.1767,20,0.885563	344.472,76.2568,13,0.74707	337.051,227.376,17,0.564765	344.433,227.263,17,0.584415	337.046,223.607,17,0.635475	325.658,227.509,17,0.806905	318.195,227.486,18,0.864531	322.004,227.206,17,0.791798
1712927305.556803	0	333.197,79.8491,13,0.886825	329.433,102.66,14,0.944592	314.334,102.579,14,0.975192	303.035,129.097,15,0.862298	295.363,155.587,21,0.851021	348.275,102.647,14,1.00269	352.149,132.743,15,0.942454	355.891,155.455,15,0.896446	325.713,159.24,15,0.859304	317.987,159.188,15,0.93086	318.097,193.31,17,0.949791	321.959,223.692,17,0.908874	344.349,159.281,15,0.905222	340.729,193.306,15,0.874593	340.667,223.727,17,0.822129	322.029,76.1487,0,0.926634	340.651,76.1109,13,0.935604	318.136,76.196,20,0.882434	344.493,76.2904,13,0.728211	336.932,231.226,17,0.572445	344.388,231.124,17,0.604783	337.042,227.353,16,0.630826	321.996,231.264,17,0.744893	318.16,231.2,18,0.796941	321.948,227.374,17,0.771318
1712927305.604704	0	325.759,79.9723,15,0.872751	329.449,102.721,14,0.94361	314.343,102.663,14,0.979496	306.785,132.741,15,0.910753	295.507,159.353,21,0.884144	348.266,102.683,14,1.00539	352.145,132.779,15,0.95216	355.889,155.444,15,0.888089	325.761,159.331,15,0.872933	318.032,159.293,15,0.941502	318.227,196.947,18,0.966402	322.009,227.446,17,0.867264	344.364,159.388,15,0.933718	340.749,196.986,15,0.898258	340.699,227.512,16,0.805588	321.885,76.2801,19,0.929491	336.916,76.2237,13,0.908909	318.131,76.3523,20,0.765544	344.395,79.8526,13,0.81027	333.28,242.418,16,0.551899	344.382,238.683,17,0.587183	340.654,234.874,16,0.616392	322.025,242.418,16,0.691455	318.201,238.691,17,0.727217	321.986,231.164,17,0.718324
1712927305.651544	0	329.517,83.6849,13,0.851789	325.73,106.408,14,0.932782	314.249,106.348,14,0.972755	303.004,132.922,15,0.905684	295.404,162.989,19,0.906277	348.269,106.411,14,0.987332	352.175,132.953,14,0.936611	352.308,162.903,15,0.943645	325.77,163.078,14,0.900077	318.012,163.037,14,0.97076	318.265,197.284,17,0.934008	321.887,234.96,17,0.819892	344.389,163.128,15,0.966377	340.766,197.316,15,0.890828	336.962,238.648,15,0.76877	322.008,79.8638,0,0.903783	337.071,76.3527,13,0.900107	318.19,79.9834,20,0.830684	344.479,80.0259,13,0.748238	325.747,253.636,15,0.590865	340.751,250.028,15,0.607609	336.919,246.166,15,0.610739	321.901,250.025,16,0.717914	318.086,249.934,16,0.732943	321.911,242.455,16,0.677471
1712927305.699732	0	333.222,91.2182,13,0.84401	325.732,106.556,13,0.918197	314.252,106.453,13,0.975018	302.928,132.982,14,0.921339	295.432,163.009,19,0.919083	348.28,106.595,13,0.974577	352.182,136.545,14,0.932919	352.257,163.051,15,0.978119	329.38,166.688,14,0.907567	318.012,163.258,14,0.988789	318.317,201.016,0,0.896748	322.051,242.457,17,0.80591	344.391,166.709,15,0.970388	340.736,200.978,15,0.874374	337.013,242.499,16,0.762059	322.048,83.6812,19,0.87779	340.692,83.6549,13,0.881116	318.259,87.4271,21,0.765702	344.488,91.1746,13,0.742052	329.407,253.751,15,0.591504	340.75,253.666,15,0.601177	336.965,249.929,15,0.611405	325.629,253.731,15,0.726249	318.228,253.664,16,0.744	325.609,246.3,16,0.682438
1712927305.74613	0	336.944,94.9252,13,0.85173	329.498,110.173,13,0.891229	314.306,106.569,13,0.974981	303.004,136.658,14,0.916945	299.179,166.792,15,0.913112	348.361,110.194,13,0.958912	352.138,140.404,14,0.911474	352.245,166.772,14,0.974662	329.438,167.019,14,0.877625	318.039,167.026,14,0.97131	321.908,216.064,17,0.884323	325.609,253.793,15,0.84119	344.453,167.03,14,0.942654	340.737,215.99,15,0.864445	329.447,253.745,15,0.801929	325.706,83.76,0,0.858765	340.812,83.7625,12,0.887181	318.328,91.2033,20,0.750317	344.613,91.2529,13,0.763899	329.451,257.721,15,0.54415	337.025,257.586,15,0.543346	325.724,253.868,15,0.587933	329.506,257.776,15,0.674838	321.909,257.742,15,0.701696	321.964,257.493,15,0.679555
1712927305.79282	0	337.031,95.0275,13,0.869796	329.53,110.218,13,0.885603	314.325,110.079,13,0.972105	302.957,136.655,14,0.918766	295.379,166.808,19,0.931648	348.385,110.244,13,0.950796	352.277,136.813,14,0.902284	355.946,166.72,14,0.955129	329.456,166.993,14,0.873721	318.042,167.006,14,0.967353	321.911,216.035,17,0.877273	325.606,253.679,16,0.812441	344.465,166.989,14,0.937514	340.719,215.994,15,0.859669	329.461,253.659,15,0.779314	325.775,87.4929,18,0.858388	344.352,87.4479,12,0.896211	318.34,94.9381,18,0.781498	344.634,94.9496,13,0.727475	329.388,257.691,15,0.557751	336.976,257.568,15,0.549003	325.751,253.799,16,0.583058	329.393,257.7,15,0.663886	321.834,257.657,16,0.695326	321.968,253.871,16,0.660735
1712927305.840109	0	337.009,95.0156,12,0.864774	333.212,110.196,13,0.892723	314.336,106.584,13,0.984366	306.699,136.739,14,0.926736	295.464,166.94,18,0.907946	348.439,110.245,13,0.946351	352.223,140.432,13,0.898125	352.27,166.879,14,0.945968	329.403,166.902,14,0.902108	317.982,166.883,14,0.994837	318.155,208.475,16,0.859833	318.286,242.465,16,0.81868	344.478,166.923,14,0.971496	340.756,208.455,15,0.861278	336.959,249.908,15,0.782545	329.401,87.4452,0,0.852399	340.868,87.4543,12,0.896227	321.876,91.3042,19,0.694171	344.687,94.9391,12,0.811986	333.188,257.504,15,0.621	340.778,253.873,16,0.648922	336.926,253.641,15,0.624252	321.895,253.822,16,0.744348	318.051,253.811,16,0.774631	318.281,246.234,16,0.704711
1712927305.887982	0	337.042,94.9557,12,0.866127	333.255,110.21,12,0.895722	314.34,106.588,13,0.989357	306.706,136.793,13,0.916741	295.477,167.055,18,0.903345	348.502,110.283,12,0.935313	352.219,144.129,13,0.887408	352.248,170.601,14,0.91805	325.758,166.952,13,0.892341	317.943,166.922,14,0.983384	318.017,208.505,16,0.846543	318.229,238.751,17,0.807404	344.461,166.983,13,0.953758	340.723,208.443,14,0.85642	336.916,246.309,15,0.787212	329.459,83.7718,0,0.856887	344.369,83.7782,12,0.903996	321.893,91.2371,19,0.709522	344.707,91.2902,12,0.816431	329.509,257.489,15,0.656356	340.727,253.862,15,0.681463	333.29,250.08,15,0.636433	318.297,253.732,15,0.712387	317.98,253.724,15,0.737391	318.245,242.505,16,0.681625
1712927305.9354	0	340.642,94.9381,12,0.869735	333.273,110.219,12,0.899573	314.342,106.58,12,0.99486	303.052,136.78,14,0.917636	295.406,166.982,0,0.914317	348.534,113.867,12,0.927634	352.218,144.271,13,0.881437	355.889,170.702,13,0.910704	325.692,167.034,13,0.894998	314.476,167.006,13,0.985134	314.437,212.206,17,0.862095	318.096,242.494,17,0.847088	344.452,167.078,13,0.941811	340.722,212.184,15,0.862681	336.975,249.902,15,0.807231	329.524,83.7502,0,0.857316	344.416,83.7689,12,0.909912	321.892,91.2096,19,0.735516	344.739,91.3032,12,0.810216	333.302,257.48,15,0.680279	340.833,253.849,16,0.71237	336.905,250.085,15,0.648336	318.19,253.853,16,0.803352	314.394,253.812,16,0.805003	318.114,246.223,16,0.741047
1712927305.981011	0	340.635,91.3123,12,0.866738	333.289,110.232,12,0.899013	314.337,106.585,12,0.994552	302.986,136.796,13,0.916047	291.776,167.019,20,0.916348	348.563,113.896,12,0.921519	352.279,147.949,13,0.872971	352.292,174.366,13,0.905261	325.669,170.579,13,0.895486	314.454,167.066,13,0.987936	314.334,215.987,15,0.898132	317.938,246.313,16,0.893555	344.459,170.627,13,0.935775	340.717,212.265,15,0.863919	336.975,250.01,15,0.83191	333.156,83.7175,12,0.858207	344.413,83.754,11,0.910625	321.905,91.1806,20,0.721829	344.735,91.2887,12,0.830286	333.25,257.507,15,0.706889	340.794,253.901,16,0.727542	333.256,253.676,15,0.689265	317.985,253.958,16,0.896304	314.163,253.903,16,0.861055	317.988,249.977,16,0.797437
1712927306.026426	0	337.064,95.0418,12,0.876218	336.957,110.293,12,0.89515	314.368,110.104,12,0.985666	306.661,136.812,13,0.909107	291.776,166.963,20,0.903104	352.063,113.95,12,0.906845	352.276,147.978,13,0.870825	355.888,174.44,13,0.888215	329.378,167.086,13,0.879226	317.93,167.036,13,0.979942	314.294,212.269,14,0.88592	314.459,242.412,16,0.874617	344.527,170.629,13,0.933301	340.715,212.208,14,0.861091	333.254,249.963,15,0.823023	329.466,87.4646,0,0.859178	344.392,87.4666,11,0.907818	321.871,94.9253,19,0.71416	344.74,94.952,12,0.843983	329.452,257.486,15,0.716556	340.693,253.903,16,0.730555	333.171,250.108,15,0.689633	314.386,253.821,16,0.891009	310.518,253.704,16,0.834684	314.51,242.555,16,0.769936
1712927306.073347	0	340.638,98.7095,11,0.88555	337.015,113.939,12,0.889737	314.367,110.171,12,0.975342	302.982,136.767,13,0.897169	295.407,166.929,0,0.921677	352.142,117.695,12,0.89419	352.262,155.418,12,0.874103	352.217,182.014,13,0.917432	325.685,170.759,13,0.862881	314.484,170.688,13,0.962805	314.263,219.673,13,0.878234	314.324,250.092,15,0.907411	344.466,174.377,13,0.893868	340.636,219.663,14,0.855887	329.529,253.658,15,0.854187	329.468,91.1986,0,0.858817	344.428,91.2257,11,0.908298	321.865,95.001,19,0.716843	348.19,95.0595,11,0.844197	333.222,257.621,15,0.719178	340.776,257.52,15,0.742026	329.396,253.8,15,0.723061	314.429,257.509,15,0.878947	310.515,257.455,15,0.82087	314.323,253.719,15,0.783569
1712927306.119914	0	337.07,98.7282,11,0.887607	336.967,114.026,12,0.880996	314.331,110.25,12,0.958595	302.948,140.409,13,0.885122	295.397,170.642,0,0.909481	352.098,117.756,12,0.898459	352.239,155.438,12,0.871232	352.284,185.685,13,0.903058	325.698,174.426,13,0.854264	314.509,170.801,13,0.949874	314.293,219.765,13,0.903834	314.315,253.82,15,0.942624	344.487,174.489,13,0.891334	340.681,219.789,14,0.880748	329.496,253.79,15,0.858658	329.445,91.2209,13,0.862577	344.414,91.2395,11,0.909192	321.816,95.0319,19,0.752869	344.756,95.0746,11,0.82959	333.274,261.417,15,0.70404	340.87,257.751,15,0.747717	325.739,253.911,15,0.72497	314.469,261.381,15,0.864008	310.535,261.325,15,0.81397	314.298,253.994,15,0.808092
1712927306.167858	0	336.971,98.7756,11,0.885087	336.983,117.709,12,0.879152	314.339,113.894,12,0.9439	303.008,140.474,13,0.868128	295.502,170.703,0,0.901865	352.11,121.437,12,0.897143	355.861,155.529,12,0.867832	352.263,185.761,13,0.924115	325.702,178.211,12,0.846304	314.526,174.487,13,0.938131	314.236,223.42,13,0.931989	314.21,257.501,14,0.957852	344.483,181.921,13,0.889904	340.655,223.399,15,0.887967	333.159,253.977,15,0.8584	325.732,91.2881,16,0.863947	340.874,91.3042,11,0.902783	318.315,98.6462,21,0.731878	344.727,98.6625,11,0.861273	333.269,265.182,15,0.686945	344.387,261.453,15,0.742956	325.762,257.55,15,0.722711	314.297,268.893,14,0.844491	306.783,265.111,15,0.797101	314.225,257.727,14,0.821544
1712927306.212914	0	333.174,102.452,11,0.902307	333.255,128.925,11,0.883824	314.294,125.246,12,0.920639	302.912,151.738,13,0.831438	291.778,174.529,21,0.903145	348.584,128.929,12,0.909853	355.903,159.264,12,0.873283	352.214,193.098,12,0.973108	325.619,189.488,13,0.876467	314.462,185.832,12,0.936744	314.135,227.343,13,0.957846	310.512,268.926,13,0.852733	344.415,189.573,12,0.920412	337.02,227.333,15,0.899319	329.379,261.498,15,0.789548	322.001,98.696,0,0.896236	340.708,98.6979,11,0.915104	318.152,102.376,21,0.740484	344.658,102.373,11,0.895697	329.41,280.228,14,0.639935	340.786,276.448,14,0.66787	322.035,265.263,14,0.640679	310.535,284.044,13,0.834868	299.175,283.892,14,0.782341	310.606,272.771,14,0.752316
1712927306.260721	0	333.245,102.505,11,0.904367	333.223,128.988,11,0.886411	314.241,125.299,11,0.91444	299.207,155.494,13,0.834746	291.742,178.165,21,0.895507	348.581,128.997,11,0.912616	355.955,159.36,12,0.88075	352.243,193.185,12,0.976348	322.033,193.111,12,0.902626	314.391,189.528,12,0.947947	314.084,231.121,13,0.919812	310.483,280.294,13,0.85575	344.401,193.193,12,0.944992	336.926,231.087,15,0.874915	325.605,272.77,15,0.76409	322.035,98.7303,0,0.89475	340.777,98.7443,11,0.924319	318.137,102.358,22,0.785013	344.692,102.394,11,0.877111	329.401,284.09,14,0.583587	340.767,283.923,14,0.622164	321.907,276.562,14,0.623906	310.585,288.006,13,0.834375	299.143,287.852,14,0.802799	310.522,283.972,13,0.754781
1712927306.308488	0	325.672,102.766,10,0.932705	329.394,132.788,11,0.922831	314.149,132.664,11,0.939357	295.51,162.967,0,0.899791	291.686,189.478,19,0.938169	348.484,132.818,11,0.971138	355.881,166.781,12,0.953535	352.239,197.104,12,0.986665	321.955,193.423,12,0.944075	314.313,193.312,12,0.978593	310.542,242.459,13,0.852032	310.574,284.219,13,0.869728	340.866,193.505,12,0.957931	325.73,242.454,14,0.849397	318.318,283.885,13,0.795043	318.322,102.494,0,0.961361	336.918,102.51,10,0.933163	317.965,102.652,0,0.720184	344.524,102.639,10,0.948797	321.977,287.786,13,0.593747	333.254,284.095,14,0.598266	318.251,284.034,13,0.633555	314.136,295.365,13,0.77722	302.984,291.689,13,0.736395	310.597,287.896,13,0.720879
1712927306.355637	0	325.605,106.265,10,0.934837	325.712,132.83,11,0.938024	310.611,132.752,11,0.941147	295.444,163.084,0,0.932381	291.638,193.111,19,0.951183	348.427,132.873,11,0.988459	352.199,166.903,12,0.971629	352.199,197.265,12,0.971042	321.904,193.498,12,0.954361	314.249,193.407,12,0.986198	310.505,246.206,13,0.843534	310.56,287.897,13,0.862727	340.815,196.963,12,0.952642	325.635,246.182,14,0.846277	318.213,280.345,13,0.756204	318.275,102.579,0,0.976889	333.204,102.585,10,0.931518	314.501,102.703,22,0.795282	344.432,102.683,10,0.895769	321.892,287.767,13,0.550322	329.479,284.053,14,0.54477	318.158,283.972,13,0.580135	314.129,299.251,13,0.754166	302.948,295.522,13,0.70602	310.596,291.696,13,0.704711
1712927306.403125	0	322.013,106.267,10,0.938613	325.665,132.862,11,0.944156	310.54,132.822,11,0.94383	295.447,163.257,0,0.943694	288.057,193.436,19,0.991152	348.419,132.893,11,0.994797	352.118,166.979,11,0.979282	352.082,200.933,12,0.968863	321.894,197.047,12,0.952378	314.234,196.99,12,0.984272	310.528,249.997,12,0.854369	314.092,288.017,13,0.862344	340.833,197.073,12,0.956349	325.687,249.918,14,0.855439	321.861,284.043,13,0.750193	318.241,102.588,0,0.983888	329.53,102.584,10,0.928419	314.46,102.758,19,0.82489	344.408,102.69,10,0.895929	325.61,287.867,13,0.538167	333.278,284.159,14,0.536662	321.851,284.151,13,0.573438	314.191,303.023,12,0.764795	303.042,302.93,13,0.706068	314.144,295.409,13,0.705671
1712927306.449562	0	321.988,106.432,0,0.923386	322.007,133.019,10,0.958186	310.404,136.443,11,0.936456	291.737,166.914,0,0.943983	287.938,197.172,0,1.01185	348.375,133.02,11,1.01794	348.574,170.775,11,0.931313	348.585,208.395,12,0.908832	318.326,197.233,11,0.958448	314.106,197.198,11,0.972187	310.547,253.62,12,0.860586	310.618,288.008,13,0.851106	340.766,197.227,11,0.940605	325.657,250.002,14,0.862487	318.286,284.039,13,0.693186	318.204,102.747,10,0.991771	329.51,102.739,10,0.925141	314.338,106.292,18,0.912884	344.343,106.243,0,0.832598	333.163,284.026,14,0.469634	337,280.256,14,0.484753	318.248,284.101,13,0.504618	314.261,302.936,13,0.743048	303.057,299.267,13,0.680794	310.62,291.751,13,0.70944
1712927306.496534	0	318.337,106.437,0,0.946417	321.965,133.017,10,0.966793	306.709,136.453,11,0.924946	291.713,167.006,12,0.936695	287.965,197.294,0,1.00777	348.392,133.02,10,1.01854	348.596,170.79,11,0.919705	352.088,208.453,12,0.89879	321.826,197.235,11,0.958277	314.143,197.231,11,0.975668	310.51,250.105,12,0.851453	310.59,288.017,13,0.839391	340.829,197.231,11,0.954169	325.706,249.974,13,0.842161	321.923,280.215,13,0.660012	318.069,102.766,10,0.999599	325.697,102.742,10,0.930366	314.248,106.322,0,0.830375	340.759,106.223,10,0.889942	336.974,280.303,14,0.514579	340.725,276.52,14,0.536778	321.88,280.245,13,0.49709	314.256,302.975,13,0.740171	303.053,302.945,13,0.678888	310.616,291.748,13,0.710808
1712927306.541956	0	318.191,106.534,0,0.963084	321.837,136.461,10,0.980433	303.01,136.504,10,0.923508	291.581,166.998,11,0.956051	287.926,200.825,0,1.00506	348.313,136.442,10,1.01954	348.553,170.706,11,0.930169	348.563,204.72,11,0.912728	318.287,197.213,11,0.967213	310.585,197.193,11,0.957312	310.536,253.626,12,0.86762	314.096,287.904,12,0.883022	340.74,197.204,11,0.943972	329.505,249.979,12,0.853031	321.845,284.12,13,0.807091	317.936,106.29,0,1.00766	321.974,106.262,10,0.949264	314.1,106.435,12,0.762533	340.648,106.308,10,0.897154	325.719,287.9,13,0.561747	336.945,284.148,14,0.570558	318.297,284.209,13,0.623781	314.275,299.242,13,0.749329	306.745,299.172,13,0.691824	314.121,291.632,12,0.715398
1712927306.58883	0	318.167,106.508,9,0.970931	318.323,136.501,10,0.982216	299.274,136.578,10,0.920773	288.056,167.095,11,0.937139	287.809,200.906,0,1.00812	348.291,136.455,10,1.01777	348.558,170.704,10,0.930534	348.566,204.716,11,0.929953	318.243,197.331,11,0.958222	310.518,197.321,11,0.933663	310.549,253.793,12,0.900645	314.088,291.565,13,0.873281	340.712,197.307,11,0.9324	336.917,250.073,11,0.862944	325.629,284.195,13,0.784653	314.504,106.26,0,1.00895	321.947,106.233,9,0.956039	314.09,106.429,0,0.770635	337.061,106.303,9,0.901316	333.169,287.93,14,0.567779	340.69,287.767,14,0.584787	325.603,287.735,13,0.628645	314.217,306.7,13,0.781981	303.052,303.019,13,0.719593	314.137,291.778,13,0.723279
1712927306.635509	0	318.188,106.509,9,0.96754	318.285,136.552,10,0.987855	299.213,136.623,10,0.920185	287.871,170.635,11,0.950692	284.239,201.067,0,0.958763	348.274,136.528,10,1.0137	348.564,170.739,10,0.916589	348.563,204.707,11,0.934877	318.222,200.848,11,0.966772	310.459,200.836,11,0.925403	310.552,253.735,12,0.910343	314.15,288.032,13,0.903923	340.731,197.345,11,0.938346	337.052,250.022,11,0.87124	333.212,284.176,14,0.810243	317.941,106.247,10,1.01506	321.979,106.236,9,0.954736	310.603,106.441,0,0.831145	337.064,106.332,9,0.862976	337.006,287.962,14,0.60505	344.417,287.821,14,0.648312	329.496,287.724,14,0.67868	314.233,303.022,13,0.813937	306.676,302.926,13,0.758991	314.243,291.727,13,0.760994
1712927306.68209	0	318.229,110.146,9,0.932458	318.265,136.606,10,0.993699	295.492,136.662,10,0.925112	284.249,170.718,11,0.975285	284.03,208.429,10,0.953074	348.296,136.578,10,1.01586	348.6,174.4,10,0.900464	352.089,208.431,11,0.898965	318.194,201.042,10,0.939968	306.82,201.035,10,0.873578	310.464,253.795,12,0.914294	314.219,288.039,13,0.931219	340.719,200.981,10,0.915407	337.021,253.636,11,0.868529	329.512,287.735,13,0.836303	317.962,106.411,9,1.00264	322.028,106.363,9,0.93871	310.543,106.555,0,0.835303	340.64,106.41,9,0.832107	336.927,291.678,13,0.648512	344.44,287.984,14,0.692264	329.454,287.834,13,0.694249	314.274,306.742,12,0.859313	306.709,303.001,13,0.796284	314.341,291.748,13,0.788438
1712927306.72895	0	318.12,110.119,9,0.952174	318.241,136.62,9,0.996022	295.401,136.65,10,0.935939	284.155,174.367,10,0.967691	283.989,215.914,10,0.951136	348.297,136.626,9,1.0092	348.593,174.445,10,0.894071	352.101,212.264,11,0.913109	318.145,208.51,10,0.91522	306.811,208.512,10,0.848553	310.542,257.671,12,0.899765	314.188,295.491,13,0.853496	340.664,208.471,10,0.871975	333.303,257.617,11,0.8791	329.444,299.254,13,0.802796	314.457,106.378,9,0.999811	321.92,106.352,9,0.95369	310.54,106.521,0,0.724512	337.048,106.405,9,0.88841	325.679,310.61,12,0.676336	340.696,310.552,12,0.69323	329.45,306.755,13,0.697622	314.127,314.144,12,0.749277	303.016,310.526,13,0.710522	314.307,302.932,13,0.71095
1712927306.774342	0	318.131,113.93,9,0.922813	318.193,140.393,9,0.962173	291.686,140.385,9,0.915819	284.024,182,10,0.954661	283.921,219.88,10,0.991936	348.296,140.351,9,0.972902	348.573,185.683,10,0.890747	352.074,219.741,10,0.933473	317.969,219.747,10,0.939583	302.963,219.735,10,0.853207	306.83,261.464,12,0.844015	314.22,306.72,12,0.831792	333.213,219.758,10,0.878516	329.48,261.455,10,0.847803	325.698,314.153,12,0.837521	314.461,110.076,9,0.969222	321.938,106.551,9,0.929856	310.575,110.256,0,0.776069	337.054,110.099,9,0.839951	322.005,318.187,12,0.694498	337.065,318.11,12,0.69055	325.727,314.347,12,0.724025	314.192,317.955,12,0.758088	306.753,314.367,12,0.723394	314.321,310.45,12,0.679392
1712927306.821889	0	318.158,117.741,9,0.919788	318.228,140.507,9,0.948522	291.74,140.489,9,0.891859	283.978,185.732,10,0.950615	283.893,223.509,10,1.01287	348.319,140.46,9,0.959573	348.57,185.773,10,0.886691	352.125,219.827,10,0.941817	317.958,223.377,10,0.956	302.943,223.349,10,0.866466	306.816,268.946,12,0.815012	314.211,310.624,12,0.860658	333.222,223.416,10,0.899861	329.499,268.904,10,0.836092	325.704,314.414,12,0.863789	314.488,110.227,9,0.963136	321.972,110.189,8,0.914117	314.105,113.932,9,0.758532	340.647,110.221,8,0.843728	321.958,325.657,12,0.690331	340.641,321.974,12,0.690292	325.759,318.079,12,0.741851	314.156,318.204,12,0.775463	306.684,318.078,12,0.753443	314.318,314.267,12,0.69435
1712927306.867958	0	318.24,125.245,9,0.915622	318.293,144.191,9,0.93361	295.377,144.172,9,0.86786	283.961,189.433,10,0.955443	280.295,223.683,10,0.992197	348.36,144.14,9,0.946034	348.55,189.424,10,0.89623	352.063,223.402,10,0.95557	317.98,223.511,10,0.961635	302.966,223.458,10,0.868824	310.53,276.459,12,0.823308	314.228,314.245,12,0.856583	333.241,223.556,10,0.910221	325.745,276.521,11,0.856325	321.853,318.294,12,0.86223	317.966,114.002,8,0.941057	325.614,113.98,8,0.882351	314.174,117.714,9,0.769028	340.739,114.001,8,0.823527	318.245,340.824,11,0.721942	333.273,340.715,11,0.697498	321.835,325.654,12,0.693249	314.191,321.954,12,0.747429	303.043,318.287,12,0.728666	314.259,314.354,12,0.654639
1712927306.915295	0	318.305,132.654,9,0.944012	318.203,155.491,9,0.927073	291.593,155.49,9,0.882471	283.932,193.346,9,0.996986	280.265,227.445,9,0.983536	348.321,155.51,9,0.930513	352.07,193.343,10,0.950078	348.553,227.254,10,0.978255	317.939,227.237,10,0.954309	299.191,223.75,10,0.871756	310.531,284.018,12,0.829351	314.277,314.269,12,0.841816	333.21,227.272,10,0.911403	329.453,284.049,10,0.892932	318.295,340.821,11,0.898347	318.006,125.197,8,0.941344	325.748,125.244,8,0.885268	314.129,125.214,8,0.791658	340.796,125.295,8,0.827007	318.206,352.21,11,0.815545	333.173,348.516,11,0.777977	318.228,344.524,11,0.782386	314.188,329.4,12,0.697466	303.016,321.938,12,0.686521	314.287,314.242,12,0.62405
1712927306.962571	0	321.817,132.847,8,0.949021	318.161,162.862,9,0.965879	291.589,159.375,9,0.918492	283.942,196.981,9,1.00128	280.357,231.159,9,0.965727	348.26,162.879,9,0.974684	352.077,197.107,10,0.963297	348.582,231.145,10,0.943647	318.032,227.51,9,0.942009	302.935,227.456,10,0.874505	317.933,287.895,11,0.913479	314.492,340.8,11,0.76947	336.982,227.517,10,0.89648	325.632,287.863,10,0.909668	318.187,344.681,11,0.866653	318.024,129.015,8,0.962984	325.75,129.034,8,0.898172	310.607,129.108,0,0.85742	340.731,129.056,8,0.743389	325.627,367.223,10,0.593791	336.949,363.414,10,0.601784	318.071,352.091,11,0.600553	321.949,352.213,11,0.618211	317.963,352.2,11,0.643992	314.41,344.583,11,0.595192
1712927307.009995	0	322.049,136.475,8,0.938726	318.316,163.061,8,0.979394	291.736,163.021,9,0.933306	283.952,197.344,9,0.96799	280.335,242.469,9,0.928895	348.437,163.156,8,1.00157	352.1,200.987,9,0.914366	352.187,238.636,10,0.890118	318.111,238.684,9,0.892821	306.696,238.659,9,0.826802	318.183,291.72,11,0.909928	314.47,348.539,11,0.863284	340.646,238.695,9,0.85718	325.659,291.618,10,0.860428	314.485,344.652,11,0.877253	318.195,132.697,8,0.982736	333.297,132.764,8,0.930517	314.21,132.739,0,0.898531	344.536,132.79,8,0.851516	325.617,370.948,10,0.550864	333.25,363.505,10,0.535367	314.214,348.403,11,0.561156	329.49,371.068,10,0.726354	318.084,371.047,10,0.771917	314.316,359.669,11,0.697745
1712927307.056444	0	325.627,136.708,8,0.90341	318.33,163.101,8,0.98549	291.728,163.068,8,0.939214	283.965,200.941,9,0.958129	280.295,249.906,9,0.935812	348.439,163.185,8,1.01833	352.064,204.684,9,0.910725	352.177,242.496,9,0.892251	318.06,242.515,9,0.893913	303.036,242.492,9,0.813499	318.21,295.473,11,0.864855	317.974,352.244,11,0.812614	337.022,242.539,9,0.848946	325.703,295.455,10,0.821232	314.458,348.462,11,0.842061	318.214,132.924,7,0.979912	336.933,132.983,8,0.921683	314.225,132.801,0,0.902846	344.519,132.921,8,0.772534	325.623,374.67,10,0.569877	333.178,370.962,10,0.560082	314.156,355.913,11,0.531537	333.214,374.717,10,0.665844	318.182,374.702,10,0.699428	314.362,363.533,11,0.676564
1712927307.102756	0	329.489,136.648,8,0.912248	321.858,163.173,8,0.979691	291.76,163.096,8,0.930898	283.965,201.008,9,0.957196	280.219,249.953,9,0.942925	348.524,166.697,8,1.0054	352.16,208.445,9,0.896003	352.134,249.916,9,0.911366	317.97,246.31,9,0.920714	299.266,246.221,9,0.821941	317.97,291.79,11,0.842184	314.507,344.56,11,0.690551	336.938,249.932,9,0.866385	333.243,291.794,9,0.830145	317.978,352.095,11,0.887327	321.818,132.845,8,0.967624	340.725,132.918,7,0.968687	314.338,132.764,0,0.944599	344.691,132.892,7,0.760554	321.928,374.921,10,0.710701	333.185,374.789,10,0.710372	314.294,359.672,11,0.655644	322.034,359.676,10,0.498764	318.005,355.985,10,0.543375	314.374,348.238,11,0.501281
1712927307.149402	0	325.772,140.377,7,0.896043	321.931,166.748,8,0.969836	291.782,163.162,8,0.932046	283.99,201.053,9,0.951139	280.191,250.01,9,0.940987	352.142,166.927,8,0.953815	352.255,215.978,8,0.875221	352.196,253.652,9,0.939867	318.001,250.061,9,0.939454	302.902,249.989,9,0.847137	303.007,306.702,12,0.806965	314.163,329.49,12,0.717667	336.976,253.615,9,0.888692	325.757,306.726,10,0.837129	317.972,355.881,11,0.879143	318.302,136.482,0,0.990341	340.713,136.524,7,0.964585	314.345,132.843,0,0.891489	348.179,136.506,7,0.895234	318.056,378.484,10,0.817616	325.624,374.891,10,0.805088	314.481,359.727,11,0.703022	314.152,348.4,11,0.58312	306.743,344.712,11,0.573627	314.162,329.467,12,0.524426
1712927307.197302	0	325.767,140.439,7,0.892717	321.96,166.846,8,0.962687	291.779,163.235,8,0.935022	283.983,204.736,8,0.936105	280.22,253.609,9,0.959166	352.182,167.037,8,0.943737	359.746,219.85,9,0.883623	359.697,253.941,9,0.915862	318.044,253.751,8,0.962652	302.953,253.66,9,0.873829	295.432,306.818,0,0.807967	310.433,318.297,12,0.618739	337.042,253.848,8,0.89595	329.486,306.688,9,0.824196	317.996,352.202,11,0.916742	318.317,136.52,0,0.985856	340.723,136.575,7,0.963137	314.399,132.898,0,0.855956	348.207,136.582,7,0.914325	318.038,374.76,10,0.910814	325.645,374.695,10,0.840497	314.463,355.92,11,0.754787	310.416,344.632,11,0.46503	299.246,340.745,11,0.457207	0,0,0,0
1712927307.243777	0	325.744,144.138,7,0.87254	321.996,170.571,7,0.930682	291.685,166.84,8,0.945801	283.904,212.223,8,0.916635	280.277,253.706,9,0.975074	355.933,170.781,7,0.885847	370.937,223.623,8,0.939845	367.163,257.851,9,0.898101	318.067,254.012,8,0.964357	302.923,253.875,8,0.89442	295.469,310.431,9,0.838884	306.699,340.709,11,0.785764	340.653,257.533,8,0.908005	329.52,310.433,9,0.845081	318.083,352.071,10,0.927039	318.315,136.648,0,0.967874	340.716,136.686,7,0.941841	314.363,136.523,0,0.877943	348.205,136.765,7,0.900571	318.199,374.617,10,0.842904	329.421,370.98,10,0.79599	317.994,355.899,10,0.749606	306.812,348.47,11,0.716252	295.42,348.31,11,0.727898	306.678,340.799,11,0.61943
1712927307.290652	0	329.397,144.224,7,0.858892	321.983,170.652,7,0.928243	291.593,166.965,8,0.947038	283.909,216.021,8,0.924176	280.304,253.836,9,0.986833	356.019,170.763,7,0.878232	371.039,223.666,8,0.933308	370.951,261.441,8,0.902974	318.117,257.608,8,0.960489	302.916,257.471,8,0.895445	299.193,314.172,9,0.848163	306.703,344.736,11,0.857549	340.767,257.684,8,0.919426	329.527,314.169,9,0.858467	318.057,348.574,10,0.919837	318.322,136.722,7,0.949395	340.735,136.739,7,0.935062	314.311,136.619,0,0.901843	344.752,136.786,7,0.85186	318.243,371.108,10,0.770535	333.184,370.921,10,0.716988	317.976,355.913,10,0.714922	310.456,355.881,11,0.761624	295.473,352.218,11,0.765645	306.775,348.333,11,0.684863
1712927307.338097	0	325.753,151.668,7,0.859026	322.029,170.787,7,0.906729	291.643,166.996,8,0.937009	283.895,216.011,8,0.926861	280.276,253.911,9,0.984002	359.686,178.189,7,0.853103	371.094,227.262,8,0.938473	370.972,268.973,8,0.873229	318.129,257.646,8,0.949261	299.242,257.471,8,0.886421	295.421,310.569,8,0.849084	299.152,344.661,11,0.88236	340.831,257.735,8,0.916319	333.244,314.212,9,0.855176	318.064,352.176,10,0.935274	318.294,140.334,7,0.934985	340.744,140.38,6,0.91714	314.298,136.68,0,0.884117	348.272,140.368,7,0.877213	318.18,374.791,10,0.833276	329.487,371.116,10,0.765967	314.491,355.998,10,0.751497	302.95,355.951,11,0.803556	291.577,352.228,11,0.846483	299.25,348.281,11,0.721359
1712927307.386002	0	325.703,159.209,7,0.889953	321.999,181.989,7,0.899412	291.62,174.403,7,0.894246	283.886,223.508,8,0.947366	276.535,257.652,8,0.939612	363.409,189.399,7,0.858489	374.642,231.204,8,0.892485	371.096,283.921,8,0.912856	318.145,265.145,8,0.903962	299.261,261.431,8,0.862026	295.452,321.891,8,0.874189	288.05,374.806,10,0.896478	344.401,268.894,8,0.879877	329.419,325.644,9,0.793571	318.027,367.227,10,0.899752	318.241,144.18,0,0.916723	340.74,144.265,6,0.888106	314.263,140.36,0,0.859969	348.282,144.165,6,0.854634	321.95,378.75,10,0.778305	333.294,378.459,10,0.790222	314.345,367.287,10,0.72066	295.441,386.132,10,0.788308	287.83,382.489,10,0.820708	291.588,378.513,10,0.776971
1712927307.433498	0	325.635,162.885,7,0.915515	321.985,189.503,7,0.919268	288.046,185.74,7,0.896487	283.834,227.215,8,0.953026	276.54,261.398,8,0.906757	359.768,193.163,7,0.887953	374.681,242.463,8,0.876379	374.603,287.739,8,0.940337	318.181,269.012,8,0.885019	302.94,265.237,8,0.843384	295.403,325.668,8,0.857615	288.027,382.329,10,0.901157	344.434,272.79,8,0.878122	329.523,325.699,9,0.762069	318.114,363.445,10,0.864583	318.18,148.022,0,0.912107	337.081,151.753,6,0.878314	314.223,144.133,7,0.817812	348.214,147.951,6,0.852904	321.997,378.701,10,0.722897	333.266,374.924,10,0.756831	314.408,363.517,9,0.714276	291.716,404.927,9,0.857363	284.183,401.295,9,0.869445	291.595,386.186,10,0.789345
1712927307.480372	0	321.962,163.165,6,0.967313	321.942,193.323,7,0.950368	287.936,193.211,7,0.975105	280.26,231.098,8,0.912273	276.548,280.137,8,0.89337	359.753,193.42,7,0.922867	374.703,253.685,7,0.944487	374.694,295.382,7,0.90791	318.139,283.954,7,0.940634	299.24,283.892,8,0.882702	291.68,344.609,0,0.940533	287.849,412.705,9,0.909086	340.873,284.06,8,0.931654	325.65,344.515,9,0.751037	318.234,359.694,10,0.812177	318.078,159.24,6,0.959608	336.939,159.303,6,0.910638	310.607,159.187,0,0.809693	344.69,159.223,6,0.876285	336.989,378.659,10,0.566501	340.688,374.785,10,0.656887	314.482,363.442,9,0.665309	291.603,435.43,8,0.801489	280.369,435.319,9,0.822752	287.884,420.144,9,0.814191
1712927307.526756	0	318.34,166.784,6,0.980376	321.87,196.946,7,0.954672	287.855,193.389,7,0.998158	280.18,231.21,7,0.895126	276.566,280.301,8,0.920766	359.674,197.043,7,0.92503	374.699,253.952,7,0.960038	374.607,306.668,7,0.872556	318.133,284.175,7,0.947653	299.21,284.096,7,0.898101	288.098,348.345,11,0.93699	287.95,435.137,9,0.91225	344.371,287.687,7,0.929806	322.064,344.707,9,0.758209	318.162,355.984,9,0.7906	317.954,162.969,6,0.999484	329.528,163.002,6,0.919154	310.423,162.924,6,0.759809	344.597,162.963,6,0.915756	336.935,378.518,10,0.509504	337.038,374.713,10,0.595073	314.501,355.981,8,0.636519	291.748,439.288,8,0.724652	283.962,439.188,9,0.777025	287.976,435.366,9,0.798503
1712927307.574627	0	318.143,170.733,6,0.945627	318.241,200.867,6,0.953773	284.242,197.237,7,0.994967	272.741,249.969,0,0.861199	272.725,287.741,8,0.923513	359.69,200.933,6,0.876776	374.673,257.821,7,0.921309	371.092,314.292,7,0.929319	317.989,288.074,7,0.906961	291.798,288.013,7,0.877521	291.598,355.93,0,0.870261	288.024,439.074,8,0.915997	340.779,291.6,7,0.877566	321.813,352.088,9,0.761843	318.197,355.96,8,0.672648	314.34,166.792,6,1.00454	325.646,166.757,6,0.936508	302.997,166.777,0,0.75962	344.446,166.706,6,0.922533	340.769,370.975,10,0.402431	340.747,367.296,11,0.485533	0,0,0,0	291.76,442.958,8,0.600663	283.999,442.869,9,0.643169	288.053,442.834,8,0.750612
